name,lastname,email,password
User 1,Lastname 1,user1@example.com,$2b$12$h2uD3./Ezmb70nrpUz025OTqV/83dxpPkugvsZigX8j7d7kU3SETS
User 2,Lastname 2,user2@example.com,$2b$12$h2uD3./Ezmb70nrpUz025OTqV/83dxpPkugvsZigX8j7d7kU3SETS
User 3,Lastname 3,user3@example.com,$2b$12$h2uD3./Ezmb70nrpUz025OTqV/83dxpPkugvsZigX8j7d7kU3SETS
User 4,Lastname 4,user4@example.com,$2b$12$h2uD3./Ezmb70nrpUz025OTqV/83dxpPkugvsZigX8j7d7kU3SETS
User 5,Lastname 5,user5@example.com,$2b$12$h2uD3./Ezmb70nrpUz025OTqV/83dxpPkugvsZigX8j7d7kU3SETS
User 6,Lastname 6,user6@example.com,$2b$12$h2uD3./Ezmb70nrpUz025OTqV/83dxpPkugvsZigX8j7d7kU3SETS
User 7,Lastname 7,user7@example.com,$2b$12$h2uD3./Ezmb70nrpUz025OTqV/83dxpPkugvsZigX8j7d7kU3SETS
User 8,Lastname 8,user8@example.com,$2b$12$h2uD3./Ezmb70nrpUz025OTqV/83dxpPkugvsZigX8j7d7kU3SETS
User 9,Lastname 9,user9@example.com,$2b$12$h2uD3./Ezmb70nrpUz025OTqV/83dxpPkugvsZigX8j7d7kU3SETS
User 10,Lastname 10,user10@example.com,$2b$12$h2uD3./Ezmb70nrpUz025OTqV/83dxpPkugvsZigX8j7d7kU3SETS
User 11,Lastname 11,user11@example.com,$2b$12$h2uD3./Ezmb70nrpUz025OTqV/83dxpPkugvsZigX8j7d7kU3SETS
User 12,Lastname 12,user12@example.com,$2b$12$h2uD3./Ezmb70nrpUz025OTqV/83dxpPkugvsZigX8j7d7kU3SETS
User 13,Lastname 13,user13@example.com,$2b$12$h2uD3./Ezmb70nrpUz025OTqV/83dxpPkugvsZigX8j7d7kU3SETS
User 14,Lastname 14,user14@example.com,$2b$12$h2uD3./Ezmb70nrpUz025OTqV/83dxpPkugvsZigX8j7d7kU3SETS
User 15,Lastname 15,user15@example.com,$2b$12$h2uD3./Ezmb70nrpUz025OTqV/83dxpPkugvsZigX8j7d7kU3SETS
User 16,Lastname 16,user16@example.com,$2b$12$h2uD3./Ezmb70nrpUz025OTqV/83dxpPkugvsZigX8j7d7kU3SETS
User 17,Lastname 17,user17@example.com,$2b$12$h2uD3./Ezmb70nrpUz025OTqV/83dxpPkugvsZigX8j7d7kU3SETS
User 18,Lastname 18,user18@example.com,$2b$12$h2uD3./Ezmb70nrpUz025OTqV/83dxpPkugvsZigX8j7d7kU3SETS
User 19,Lastname 19,user19@example.com,$2b$12$h2uD3./Ezmb70nrpUz025OTqV/83dxpPkugvsZigX8j7d7kU3SETS
User 20,Lastname 20,user20@example.com,$2b$12$h2uD3./Ezmb70nrpUz025OTqV/83dxpPkugvsZigX8j7d7kU3SETS
User 21,Lastname 21,user21@example.com,$2b$12$h2uD3./Ezmb70nrpUz025OTqV/83dxpPkugvsZigX8j7d7kU3SETS
User 22,Lastname 22,user22@example.com,$2b$12$h2uD3./Ezmb70nrpUz025OTqV/83dxpPkugvsZigX8j7d7kU3SETS
User 23,Lastname 23,user23@example.com,$2b$12$h2uD3./Ezmb70nrpUz025OTqV/83dxpPkugvsZigX8j7d7kU3SETS
User 24,Lastname 24,user24@example.com,$2b$12$h2uD3./Ezmb70nrpUz025OTqV/83dxpPkugvsZigX8j7d7kU3SETS
User 25,Lastname 25,user25@example.com,$2b$12$h2uD3./Ezmb70nrpUz025OTqV/83dxpPkugvsZigX8j7d7kU3SETS
User 26,Lastname 26,user26@example.com,$2b$12$h2uD3./Ezmb70nrpUz025OTqV/83dxpPkugvsZigX8j7d7kU3SETS
User 27,Lastname 27,user27@example.com,$2b$12$h2uD3./Ezmb70nrpUz025OTqV/83dxpPkugvsZigX8j7d7kU3SETS
User 28,Lastname 28,user28@example.com,$2b$12$h2uD3./Ezmb70nrpUz025OTqV/83dxpPkugvsZigX8j7d7kU3SETS
User 29,Lastname 29,user29@example.com,$2b$12$h2uD3./Ezmb70nrpUz025OTqV/83dxpPkugvsZigX8j7d7kU3SETS
User 30,Lastname 30,user30@example.com,$2b$12$h2uD3./Ezmb70nrpUz025OTqV/83dxpPkugvsZigX8j7d7kU3SETS
User 31,Lastname 31,user31@example.com,$2b$12$h2uD3./Ezmb70nrpUz025OTqV/83dxpPkugvsZigX8j7d7kU3SETS
User 32,Lastname 32,user32@example.com,$2b$12$h2uD3./Ezmb70nrpUz025OTqV/83dxpPkugvsZigX8j7d7kU3SETS
User 33,Lastname 33,user33@example.com,$2b$12$h2uD3./Ezmb70nrpUz025OTqV/83dxpPkugvsZigX8j7d7kU3SETS
User 34,Lastname 34,user34@example.com,$2b$12$h2uD3./Ezmb70nrpUz025OTqV/83dxpPkugvsZigX8j7d7kU3SETS
User 35,Lastname 35,user35@example.com,$2b$12$h2uD3./Ezmb70nrpUz025OTqV/83dxpPkugvsZigX8j7d7kU3SETS
User 36,Lastname 36,user36@example.com,$2b$12$h2uD3./Ezmb70nrpUz025OTqV/83dxpPkugvsZigX8j7d7kU3SETS
User 37,Lastname 37,user37@example.com,$2b$12$h2uD3./Ezmb70nrpUz025OTqV/83dxpPkugvsZigX8j7d7kU3SETS
User 38,Lastname 38,user38@example.com,$2b$12$h2uD3./Ezmb70nrpUz025OTqV/83dxpPkugvsZigX8j7d7kU3SETS
User 39,Lastname 39,user39@example.com,$2b$12$h2uD3./Ezmb70nrpUz025OTqV/83dxpPkugvsZigX8j7d7kU3SETS
User 40,Lastname 40,user40@example.com,$2b$12$h2uD3./Ezmb70nrpUz025OTqV/83dxpPkugvsZigX8j7d7kU3SETS
User 41,Lastname 41,user41@example.com,$2b$12$h2uD3./Ezmb70nrpUz025OTqV/83dxpPkugvsZigX8j7d7kU3SETS
User 42,Lastname 42,user42@example.com,$2b$12$h2uD3./Ezmb70nrpUz025OTqV/83dxpPkugvsZigX8j7d7kU3SETS
User 43,Lastname 43,user43@example.com,$2b$12$h2uD3./Ezmb70nrpUz025OTqV/83dxpPkugvsZigX8j7d7kU3SETS
User 44,Lastname 44,user44@example.com,$2b$12$h2uD3./Ezmb70nrpUz025OTqV/83dxpPkugvsZigX8j7d7kU3SETS
User 45,Lastname 45,user45@example.com,$2b$12$h2uD3./Ezmb70nrpUz025OTqV/83dxpPkugvsZigX8j7d7kU3SETS
User 46,Lastname 46,user46@example.com,$2b$12$h2uD3./Ezmb70nrpUz025OTqV/83dxpPkugvsZigX8j7d7kU3SETS
User 47,Lastname 47,user47@example.com,$2b$12$h2uD3./Ezmb70nrpUz025OTqV/83dxpPkugvsZigX8j7d7kU3SETS
User 48,Lastname 48,user48@example.com,$2b$12$h2uD3./Ezmb70nrpUz025OTqV/83dxpPkugvsZigX8j7d7kU3SETS
User 49,Lastname 49,user49@example.com,$2b$12$h2uD3./Ezmb70nrpUz025OTqV/83dxpPkugvsZigX8j7d7kU3SETS
User 50,Lastname 50,user50@example.com,$2b$12$h2uD3./Ezmb70nrpUz025OTqV/83dxpPkugvsZigX8j7d7kU3SETS
User 51,Lastname 51,user51@example.com,$2b$12$h2uD3./Ezmb70nrpUz025OTqV/83dxpPkugvsZigX8j7d7kU3SETS
User 52,Lastname 52,user52@example.com,$2b$12$h2uD3./Ezmb70nrpUz025OTqV/83dxpPkugvsZigX8j7d7kU3SETS
User 53,Lastname 53,user53@example.com,$2b$12$h2uD3./Ezmb70nrpUz025OTqV/83dxpPkugvsZigX8j7d7kU3SETS
User 54,Lastname 54,user54@example.com,$2b$12$h2uD3./Ezmb70nrpUz025OTqV/83dxpPkugvsZigX8j7d7kU3SETS
User 55,Lastname 55,user55@example.com,$2b$12$h2uD3./Ezmb70nrpUz025OTqV/83dxpPkugvsZigX8j7d7kU3SETS
User 56,Lastname 56,user56@example.com,$2b$12$h2uD3./Ezmb70nrpUz025OTqV/83dxpPkugvsZigX8j7d7kU3SETS
User 57,Lastname 57,user57@example.com,$2b$12$h2uD3./Ezmb70nrpUz025OTqV/83dxpPkugvsZigX8j7d7kU3SETS
User 58,Lastname 58,user58@example.com,$2b$12$h2uD3./Ezmb70nrpUz025OTqV/83dxpPkugvsZigX8j7d7kU3SETS
User 59,Lastname 59,user59@example.com,$2b$12$h2uD3./Ezmb70nrpUz025OTqV/83dxpPkugvsZigX8j7d7kU3SETS
User 60,Lastname 60,user60@example.com,$2b$12$h2uD3./Ezmb70nrpUz025OTqV/83dxpPkugvsZigX8j7d7kU3SETS
User 61,Lastname 61,user61@example.com,$2b$12$h2uD3./Ezmb70nrpUz025OTqV/83dxpPkugvsZigX8j7d7kU3SETS
User 62,Lastname 62,user62@example.com,$2b$12$h2uD3./Ezmb70nrpUz025OTqV/83dxpPkugvsZigX8j7d7kU3SETS
User 63,Lastname 63,user63@example.com,$2b$12$h2uD3./Ezmb70nrpUz025OTqV/83dxpPkugvsZigX8j7d7kU3SETS
User 64,Lastname 64,user64@example.com,$2b$12$h2uD3./Ezmb70nrpUz025OTqV/83dxpPkugvsZigX8j7d7kU3SETS
User 65,Lastname 65,user65@example.com,$2b$12$h2uD3./Ezmb70nrpUz025OTqV/83dxpPkugvsZigX8j7d7kU3SETS
User 66,Lastname 66,user66@example.com,$2b$12$h2uD3./Ezmb70nrpUz025OTqV/83dxpPkugvsZigX8j7d7kU3SETS
User 67,Lastname 67,user67@example.com,$2b$12$h2uD3./Ezmb70nrpUz025OTqV/83dxpPkugvsZigX8j7d7kU3SETS
User 68,Lastname 68,user68@example.com,$2b$12$h2uD3./Ezmb70nrpUz025OTqV/83dxpPkugvsZigX8j7d7kU3SETS
User 69,Lastname 69,user69@example.com,$2b$12$h2uD3./Ezmb70nrpUz025OTqV/83dxpPkugvsZigX8j7d7kU3SETS
User 70,Lastname 70,user70@example.com,$2b$12$h2uD3./Ezmb70nrpUz025OTqV/83dxpPkugvsZigX8j7d7kU3SETS
User 71,Lastname 71,user71@example.com,$2b$12$h2uD3./Ezmb70nrpUz025OTqV/83dxpPkugvsZigX8j7d7kU3SETS
User 72,Lastname 72,user72@example.com,$2b$12$h2uD3./Ezmb70nrpUz025OTqV/83dxpPkugvsZigX8j7d7kU3SETS
User 73,Lastname 73,user73@example.com,$2b$12$h2uD3./Ezmb70nrpUz025OTqV/83dxpPkugvsZigX8j7d7kU3SETS
User 74,Lastname 74,user74@example.com,$2b$12$h2uD3./Ezmb70nrpUz025OTqV/83dxpPkugvsZigX8j7d7kU3SETS
User 75,Lastname 75,user75@example.com,$2b$12$h2uD3./Ezmb70nrpUz025OTqV/83dxpPkugvsZigX8j7d7kU3SETS
User 76,Lastname 76,user76@example.com,$2b$12$h2uD3./Ezmb70nrpUz025OTqV/83dxpPkugvsZigX8j7d7kU3SETS
User 77,Lastname 77,user77@example.com,$2b$12$h2uD3./Ezmb70nrpUz025OTqV/83dxpPkugvsZigX8j7d7kU3SETS
User 78,Lastname 78,user78@example.com,$2b$12$h2uD3./Ezmb70nrpUz025OTqV/83dxpPkugvsZigX8j7d7kU3SETS
User 79,Lastname 79,user79@example.com,$2b$12$h2uD3./Ezmb70nrpUz025OTqV/83dxpPkugvsZigX8j7d7kU3SETS
User 80,Lastname 80,user80@example.com,$2b$12$h2uD3./Ezmb70nrpUz025OTqV/83dxpPkugvsZigX8j7d7kU3SETS
User 81,Lastname 81,user81@example.com,$2b$12$h2uD3./Ezmb70nrpUz025OTqV/83dxpPkugvsZigX8j7d7kU3SETS
User 82,Lastname 82,user82@example.com,$2b$12$h2uD3./Ezmb70nrpUz025OTqV/83dxpPkugvsZigX8j7d7kU3SETS
User 83,Lastname 83,user83@example.com,$2b$12$h2uD3./Ezmb70nrpUz025OTqV/83dxpPkugvsZigX8j7d7kU3SETS
User 84,Lastname 84,user84@example.com,$2b$12$h2uD3./Ezmb70nrpUz025OTqV/83dxpPkugvsZigX8j7d7kU3SETS
User 85,Lastname 85,user85@example.com,$2b$12$h2uD3./Ezmb70nrpUz025OTqV/83dxpPkugvsZigX8j7d7kU3SETS
User 86,Lastname 86,user86@example.com,$2b$12$h2uD3./Ezmb70nrpUz025OTqV/83dxpPkugvsZigX8j7d7kU3SETS
User 87,Lastname 87,user87@example.com,$2b$12$h2uD3./Ezmb70nrpUz025OTqV/83dxpPkugvsZigX8j7d7kU3SETS
User 88,Lastname 88,user88@example.com,$2b$12$h2uD3./Ezmb70nrpUz025OTqV/83dxpPkugvsZigX8j7d7kU3SETS
User 89,Lastname 89,user89@example.com,$2b$12$h2uD3./Ezmb70nrpUz025OTqV/83dxpPkugvsZigX8j7d7kU3SETS
User 90,Lastname 90,user90@example.com,$2b$12$h2uD3./Ezmb70nrpUz025OTqV/83dxpPkugvsZigX8j7d7kU3SETS
User 91,Lastname 91,user91@example.com,$2b$12$h2uD3./Ezmb70nrpUz025OTqV/83dxpPkugvsZigX8j7d7kU3SETS
User 92,Lastname 92,user92@example.com,$2b$12$h2uD3./Ezmb70nrpUz025OTqV/83dxpPkugvsZigX8j7d7kU3SETS
User 93,Lastname 93,user93@example.com,$2b$12$h2uD3./Ezmb70nrpUz025OTqV/83dxpPkugvsZigX8j7d7kU3SETS
User 94,Lastname 94,user94@example.com,$2b$12$h2uD3./Ezmb70nrpUz025OTqV/83dxpPkugvsZigX8j7d7kU3SETS
User 95,Lastname 95,user95@example.com,$2b$12$h2uD3./Ezmb70nrpUz025OTqV/83dxpPkugvsZigX8j7d7kU3SETS
User 96,Lastname 96,user96@example.com,$2b$12$h2uD3./Ezmb70nrpUz025OTqV/83dxpPkugvsZigX8j7d7kU3SETS
User 97,Lastname 97,user97@example.com,$2b$12$h2uD3./Ezmb70nrpUz025OTqV/83dxpPkugvsZigX8j7d7kU3SETS
User 98,Lastname 98,user98@example.com,$2b$12$h2uD3./Ezmb70nrpUz025OTqV/83dxpPkugvsZigX8j7d7kU3SETS
User 99,Lastname 99,user99@example.com,$2b$12$h2uD3./Ezmb70nrpUz025OTqV/83dxpPkugvsZigX8j7d7kU3SETS
User 100,Lastname 100,user100@example.com,$2b$12$h2uD3./Ezmb70nrpUz025OTqV/83dxpPkugvsZigX8j7d7kU3SETS
